{"cameraMode":{"drawMode":0,"name":"Shaded","section":"Shading Mode"},"sceneLighting":true,"audioPlay":false,"sceneViewState":{"showFog":true,"showMaterialUpdate":false,"showSkybox":true,"showFlares":true,"showImageEffects":true,"showParticleSystems":true},"in2DMode":false,"pivot":{"x":0.26087164878845217,"y":0.9122703671455383,"z":-7.524064540863037},"rotation":{"x":-0.12728241086006165,"y":0.05263881757855415,"z":-0.006764329504221678,"w":-0.9904456734657288},"size":6.242749214172363,"orthographic":false}