{"cameraMode":{"drawMode":0,"name":"Shaded","section":"Shading Mode"},"sceneLighting":true,"audioPlay":false,"sceneViewState":{"showFog":true,"showMaterialUpdate":false,"showSkybox":true,"showFlares":true,"showImageEffects":true,"showParticleSystems":true},"in2DMode":false,"pivot":{"x":0.5698951482772827,"y":0.31151580810546877,"z":-6.960922718048096},"rotation":{"x":-0.011667439714074135,"y":0.9767870306968689,"z":-0.20666365325450898,"w":-0.055147260427474979},"size":8.785110473632813,"orthographic":false}