{"cameraMode":{"drawMode":0,"name":"Shaded","section":"Shading Mode"},"sceneLighting":false,"audioPlay":false,"sceneViewState":{"showFog":true,"showMaterialUpdate":false,"showSkybox":true,"showFlares":true,"showImageEffects":true,"showParticleSystems":true},"in2DMode":false,"pivot":{"x":0.5975701212882996,"y":1.6392203569412232,"z":0.14661765098571778},"rotation":{"x":-0.011667439714074135,"y":0.9767870306968689,"z":-0.20666365325450898,"w":-0.055147260427474979},"size":2.9856648445129396,"orthographic":false}