{"cameraMode":{"drawMode":0,"name":"Shaded","section":"Shading Mode"},"sceneLighting":false,"audioPlay":false,"sceneViewState":{"showFog":true,"showMaterialUpdate":false,"showSkybox":true,"showFlares":true,"showImageEffects":true,"showParticleSystems":true},"in2DMode":false,"pivot":{"x":0.9999988079071045,"y":1.0960900783538819,"z":-7.456441879272461},"rotation":{"x":-0.011667439714074135,"y":0.9767870306968689,"z":-0.20666365325450898,"w":-0.055147260427474979},"size":7.511906147003174,"orthographic":false}